date,file_name,url
2023-09-26 17:40:50,0030.jpg,https://avatars.mds.yandex.net/i?id=fba47225e1f31201f02029fab977a76d8b9eda41-10649741-images-thumbs&n=13
2023-09-26 17:40:51,0031.jpg,https://avatars.mds.yandex.net/i?id=7ce89a7f84e574d3ea5a7f5bc11d07aaf575625a-9831677-images-thumbs&n=13
2023-09-26 17:40:52,0032.jpg,https://avatars.mds.yandex.net/i?id=e80e8f081972e937abfa3aabaa671e5151f75ec6-8497167-images-thumbs&n=13
2023-09-26 17:40:53,0033.jpg,https://avatars.mds.yandex.net/i?id=41aae414c30bd60c21e1cec6b67daabf4b125eac-9852567-images-thumbs&n=13
2023-09-26 17:40:54,0034.jpg,https://avatars.mds.yandex.net/i?id=97ea033ca19ec2bc334a785abfd63a61c711f5a5-10697425-images-thumbs&n=13
2023-09-26 17:40:55,0035.jpg,https://avatars.mds.yandex.net/i?id=5f5df153dd9b13231318f9b2b15acc097086b89f-10414794-images-thumbs&n=13
2023-09-26 17:40:56,0036.jpg,https://avatars.mds.yandex.net/i?id=18ed5fe7adbb209349d473f562b598259263482d-9456457-images-thumbs&n=13
2023-09-26 17:40:57,0037.jpg,https://avatars.mds.yandex.net/i?id=f5cc0df03fd33655dd351c806c2029372045d70d-4032221-images-thumbs&n=13
2023-09-26 17:40:58,0038.jpg,https://avatars.mds.yandex.net/i?id=2980c2665bc903e7fb3e25b81c0fe96736afc7a1-9107065-images-thumbs&n=13
2023-09-26 17:41:00,0039.jpg,https://avatars.mds.yandex.net/i?id=167ab1c91c95371eb91492d046f0c08d5b1169a7-8496372-images-thumbs&n=13
2023-09-26 17:41:01,0040.jpg,https://avatars.mds.yandex.net/i?id=3c50c94640c8531f45e2cd3f7606508a67ccf220-9198030-images-thumbs&n=13
2023-09-26 17:41:02,0041.jpg,https://avatars.mds.yandex.net/i?id=45cf74f91d50533b2492d6472c96b5fd10b931bc-5488374-images-thumbs&n=13
2023-09-26 17:41:03,0042.jpg,https://avatars.mds.yandex.net/i?id=bba877f8a4fab7b9775697aa748e940aaec91943-10695933-images-thumbs&n=13
2023-09-26 17:41:04,0043.jpg,https://avatars.mds.yandex.net/i?id=851008f063b8e919d8c61d03d86c201f3063cb56-10120057-images-thumbs&n=13
2023-09-26 17:41:05,0044.jpg,https://avatars.mds.yandex.net/i?id=a152ec3b9b4b6f76b61c3ad4a39fedae05dc40d9-9069472-images-thumbs&n=13
2023-09-26 17:41:06,0045.jpg,https://avatars.mds.yandex.net/i?id=44d5cc0bae38fec7b17731e2a3241177db5d9fd7-9271382-images-thumbs&n=13
2023-09-26 17:41:06,0046.jpg,https://avatars.mds.yandex.net/i?id=7077582a697b56fa4eca5f31d42250a3f3b67d78-9152778-images-thumbs&n=13
2023-09-26 17:41:07,0047.jpg,https://avatars.mds.yandex.net/i?id=37dea81702fde209d3c1bc8953471444b3c6fa2b-9098836-images-thumbs&n=13
2023-09-26 17:41:08,0048.jpg,https://avatars.mds.yandex.net/i?id=e51636c63f94b208321d351ea0eed9a3a7ed5d54-7043984-images-thumbs&n=13
2023-09-26 17:41:09,0049.jpg,https://avatars.mds.yandex.net/i?id=81b8d4b07c87ebfcea338e7bffdcc47a312212a2-5105253-images-thumbs&n=13
